amino_acid,frequency,v_family
CASSVNTEAFF,1.8158165847093855e-05,TCRBV13
CASSYNEKLFF,1.0278207083260672e-05,TCRBV06
CASSLDVSGNTIYF,8.907779472159249e-06,TCRBV05
CASSLNNEQFF,8.907779472159249e-06,TCRBV05
CASSVNEKLFF,8.565172569383893e-06,TCRBV11
CASGLIVNTEAFF,8.565172569383893e-06,TCRBV12
CASSQVDTQYF,7.537351861057826e-06,TCRBV14
CASSAGNTIYF,5.824317347181048e-06,TCRBV25
CASSLGYTGELFF,5.824317347181048e-06,TCRBV05
CASSGWDRDNSPLHF,0.01878068258943668,TCRBV27
CASSSTLMNTEAFF,0.0184425295763974,TCRBV06
CASSNYELRGEQYF,0.011500628512363142,TCRBV12
CASSQVYVRGRIRDEQFF,0.010872287452673138,TCRBV03
CASSLEQGGGITDTQYF,0.01033507982912138,TCRBV28
CASSSGLAGPQETQYF,0.009269572361490027,TCRBV05
CASSTVGGRTEAFF,0.008298624399024667,TCRBV07
CASTPAGSNQPQHF,0.00817665634163664,TCRBV10
CASSQDPLGGDQETQYF,0.008151988644636815,TCRBV04
CASSVTPIWTEWEKLFF,0.007806298279736479,TCRBV11
CASSLSSGTSF,0.007709340526251054,TCRBV12
CASSFGQGYQETQYF,0.007652467780390346,TCRBV13
CASSSWDRDNSPLHF,0.006998773809894967,TCRBV27
CATSRVGDSAFYGYTF,0.006148080870303759,TCRBV15
CASSLETGPTGQPQHF,0.005875365775694576,TCRBV07
CASSPLAGGLDEQFF,0.00557764037718279,TCRBV28
CASSPNRYEQYF,0.004834526005063045,TCRBV14
CASSQDRGRSVYEQYF,0.0036552730457102703,TCRBV14
CASSNNRAMGDF,0.0033616589300317907,TCRBV06
CASSLVPDSNQPQHF,0.003346584226309675,TCRBV11
CASSLAGGPNEQFF,0.0029775965920206173,TCRBV04
CASSSYREVVSEAFF,0.0025976455368427478,TCRBV07
CASSESPVGGEQFF,0.002516790307787763,TCRBV25
CASSLDAYEQYF,0.0025154198801766612,TCRBV04
CACPGVTYGYTF,0.0024907521831768363,TCRBV30
CASRGKGPYEQYF,0.0023972204987191643,TCRBV06
CASSVTFGGSSYNEQFF,0.002387970112344229,TCRBV09
CANGGEAGLYEQYF,0.0023735806224276647,TCRBV02
CASSLSGTNTEAFF,0.0022502421374285364,TCRBV28
CASSSHDRQGTGSPLHF,0.0021837763982901176,TCRBV07
CASSLIGQGFGDTQYF,0.002144033997568176,TCRBV07
CASRVDRPTGELFF,0.0021269036524294085,TCRBV05
CASSQQGGGTYEQYF,0.0019710175116666217,TCRBV04
CASSFGAEAFF,0.0019305898971391296,TCRBV13
CAISEETPNTEAFF,0.0019090056622642821,TCRBV10
CASSDWTGDTGELFF,0.0014509402332536314,TCRBV02
CAWRSPQGVSEQYF,0.001189531166436035,TCRBV30
CASSPGDTQYF,0.0011357418827003046,TCRBV25
CASSEWDRDNSPLHF,0.0011090185442838266,TCRBV27
CASSQWGQPQHF,0.0010624240055063779,TCRBV23
CASSLRTGKAFF,0.0008291087047163607,TCRBV06
CASSEGTGGTDTQYF,0.000821571352855303,TCRBV06
CASSLVAGGEQFF,0.0008006723317860062,TCRBV11
CASTPGSATEAFF,0.000755105613716884,TCRBV07
CASSSHEAQGWGSPLHF,0.0007448274066336234,TCRBV07
CASSDWGGNYEQYF,0.0007355770202586888,TCRBV19
CASSPGLEAFF,0.0007294100960087322,TCRBV06
CASSSPNDPNYGYTF,0.0007081684680366602,TCRBV07
CASSLVGGGTLHNGELFF,0.0007057702197172327,TCRBV07
CATSRGDDGYTF,0.0007020015437867039,TCRBV15
CASSQDQYEQYF,0.0007006311161756025,TCRBV04
CASSLVGGRGEQYF,0.0006862416262590376,TCRBV07
CASSQDRREQYF,0.0006533513635926034,TCRBV14
CASSFGLGQGASYEQYF,0.000653008756689828,TCRBV27
CASSLTQGAYEQYF,0.000647184439342647,TCRBV05
CSARDPSDRAPNEKLFF,0.0006053863972040536,TCRBV20
CASSLEGDQPQHF,0.0005992194729540972,TCRBV05
CASSLSFRGPAGELFF,0.0005899690865791625,TCRBV07
CASSRGAPVRSGELFF,0.0005769500242736992,TCRBV13
CASSFWGGTDEQYF,0.0005738665621487207,TCRBV11
CASSLGYEAFF,0.0005656439964821122,TCRBV12
CASSLQGNTEAFF,0.000554680575593301,TCRBV12
CASQPTSGAPGPQHF,0.0005526249341766488,TCRBV27
CASSPPAGTSRGEQYF,0.0005437171547044894,TCRBV18
CAISVERRGEQFF,0.0005416615132878374,TCRBV10
CASSYLEGTDTQYF,0.0005334389476212289,TCRBV06
CAWSVLGPEAFF,0.0005334389476212289,TCRBV30
CASSPLTGDEQFF,0.0005221329198296422,TCRBV28
CASSRQAEAFF,0.0005125399265519322,TCRBV28
CASSPPLNSGNTIYF,0.0005015765056631207,TCRBV07
CSARDRRTGGFGANVLTF,0.0004967800090242659,TCRBV20
CSAPSGTGDGYGYTF,0.00046012107042730274,TCRBV20
CASSEVDGNEQFF,0.000458408035913426,TCRBV10
CASRETVATNEKLFF,0.0004495002564412667,TCRBV05
CASSWTNEKLFF,0.0004460741874135132,TCRBV07
CASSLIGVSSYNEQFF,0.00042277691802478903,TCRBV07
CASSRFIGHMNTEAFF,0.00041455435235818037,TCRBV05
CASSRRGSGANVLTF,0.00041112828333042685,TCRBV06
CASSLEDRADAEAFF,0.00040187789695549233,TCRBV18
CASSPAPDRASQHF,0.00038817362084447805,TCRBV06
CASSLEVAGGYNEQFF,0.0003840623380111738,TCRBV07
CASSLGQPGTEAFF,0.0003751545585390145,TCRBV11
CASSTVEIGTEAFF,0.00033918083374760217,TCRBV05
CASSLNREALFGYTF,0.00033575476471984865,TCRBV05
CASSTQGANYGYTF,0.0003336991233031965,TCRBV27
CASSYSGGNTGELFF,0.00033267130259487037,TCRBV04
CASGLANEDTQYF,0.00032410613002548653,TCRBV10
CASSYSQGANVLTF,0.0003227357024143851,TCRBV06
CATSNWGGETQYF,0.00031691138506720405,TCRBV15
CASSLEYTTNEKLFF,0.0003134853160394505,TCRBV05
CASSSTLMNTEAFF,0.000312114888428349,TCRBV06
CASSYAGQGSNQPQHF,0.0003104018539144723,TCRBV06
CANLQLGADNEKLFF,0.00029943843302566086,TCRBV28
CASSVGWTENSPLHF,0.00029018804665072634,TCRBV09
CASSPPMLKTEAFF,0.00028950283284517566,TCRBV18
CASTPLSGSETQYF,0.00027134466699808174,TCRBV06
CASSARHGVLTF,0.0002631221013314732,TCRBV06
CAWREAQGVRGYTF,0.0002548995356648647,TCRBV30
CASSYSIGRGTDNEQFF,0.00025387171495653855,TCRBV06
CAWVGAGDNYGYTF,0.00025352910805376326,TCRBV30
CASSGGTQYF,0.0002477047907065822,TCRBV10
CASSELAGGSDTIYF,0.00024290829406772719,TCRBV06
CASSANRVEQYF,0.00023948222503997367,TCRBV05
CASRTHRPAEGTEAFF,0.0002357135491094448,TCRBV06
CTSSQEESPLHF,0.00023434312149834326,TCRBV01
CASSYGDRGLSEQFF,0.00023365790769279258,TCRBV06
CSASGETGEYNEQFF,0.0002333153007900173,TCRBV29
CATSDLKGKESEAFF,0.0002305744455678144,TCRBV24
CASSYTHTEAFF,0.0002288614110539376,TCRBV06
CSVDPPTGQAYGYTF,0.00022577794892895942,TCRBV29
CASSQEGGEQYF,0.00022166666609565517,TCRBV12
CASSLVQTYTEAFF,0.0002206388453873291,TCRBV07
CASSPIPQAEAFF,0.00021961102467900304,TCRBV18
CASSQGPWTSGGVSYEQYF,0.0002154997418456988,TCRBV14
CAISVETPDTEAFF,0.00021481452804014806,TCRBV10
CASSSGGVQETQYF,0.000208990210692967,TCRBV06
CASGWTGRNEQFF,0.00020590674856798882,TCRBV06
CASSLDGSGANVLTF,0.00020076764502635847,TCRBV06
CASTPASYGYTF,0.0002004250381235831,TCRBV06
CASSQDLGRITPLHF,0.00020008243122080776,TCRBV14
CASSFRQGVNTGELFF,0.0001942581138736267,TCRBV07
CASSESGRSMGDEQYF,0.00019117465174864852,TCRBV02
CASSLVGGGGNEQFF,0.00019117465174864852,TCRBV07
CASSLASLSGYTF,0.00019014683104032245,TCRBV05
CASSLQGNTEAFF,0.00019014683104032245,TCRBV12
CASSEWPDNEQFF,0.0001832946929848153,TCRBV10
CSARAVLHSTDTQYF,0.00018226687227648929,TCRBV20
CSAPRGTGQGSGYTF,0.00018089644466538784,TCRBV20
CASSPPRTVSTDTQYF,0.00018055383776261247,TCRBV18
CASSLDSYNEQFF,0.00017986862395706177,TCRBV05
CASSLGPANNSPLHF,0.00017849819634596035,TCRBV27
CATSRDSSGANVLTF,0.00017747037563763427,TCRBV15
CAIREGAASTNEKLFF,0.00017609994802653286,TCRBV10
CASSWERSGNSGANVLTF,0.00017370169970710536,TCRBV07
CASSLIETGKDYGYTF,0.00017335909280433,TCRBV06
CASSYWPPGSSGNTIYF,0.00017267387899877926,TCRBV11
CASTPGSSTEAFF,0.00017130345138767787,TCRBV07
CASSYSIWQPQHF,0.00017130345138767787,TCRBV06
CASSGTVGQRKLFF,0.00016445131333217076,TCRBV02
CASSREGDQPQHF,0.00016068263740164185,TCRBV05
CASSLDFGSSGLLAKNIQYF,0.00015999742359609114,TCRBV05
CASSKQWEKLFF,0.000157941782179439,TCRBV06
CSARRDREPYEQYF,0.00015588614076278686,TCRBV20
CASSFGFYEQYF,0.00015588614076278686,TCRBV12
CASSLAGGDNEQFF,0.0001555435338600115,TCRBV13
CASSLDFSSPLHF,0.00015417310624891008,TCRBV11
CATLGPSGGTADTQYF,0.00015314528554058403,TCRBV28
CASSVGVMVF,0.0001524600717350333,TCRBV25
CASSQFGARETNEKLFF,0.00015211746483225795,TCRBV04
CASTKRSRQGASYEKLFF,0.0001493766096100551,TCRBV06
CASSLGPGPAYGYTF,0.00014800618199895367,TCRBV05
CASSTGTGTINQPQHF,0.00014629314748507692,TCRBV12
CASSLVLGVSGANVLTF,0.00014423750606842476,TCRBV05
CASSLTGQAYEQYF,0.00014286707845732337,TCRBV05
CASSSGQGSPPLHF,0.00014218186465177264,TCRBV06
CASSSHGGRSTEAFF,0.00014012622323512049,TCRBV06
CATSGLSNTGELFF,0.00014012622323512049,TCRBV24
CSVEGLAGGVLSSYNEQFF,0.00013944100942956978,TCRBV29
CASSLSGGEETQYF,0.00013909840252679444,TCRBV13
CASSAGTSGDNEQFF,0.0001387557956240191,TCRBV06
CASSQGAVEAFF,0.0001387557956240191,TCRBV25
CASSYSRDSGNTIYF,0.00013841318872124373,TCRBV06
CASSSQKNTEAFF,0.00013841318872124373,TCRBV19
CAWSEGHDEQYF,0.00013601494040181624,TCRBV30
CASSEVGNTEAFF,0.00013601494040181624,TCRBV28
CASSQDNILRGSYNEQFF,0.00013395929898516408,TCRBV04
CASRYDRLNTEAFF,0.00013190365756851196,TCRBV06
CASSMGGTEAFF,0.0001315610506657366,TCRBV19
CASSTKVNTEAFF,0.00013121844376296122,TCRBV11
CASSQLDFTGRGDQPQHF,0.00013019062305463515,TCRBV04
CSAKGTVNTEAFF,0.00012813498163798302,TCRBV20
CASSLDSTGNTIYF,0.00012710716092965697,TCRBV07
CATSRDRGSGANVLTF,0.0001253941264157802,TCRBV15
CASSMGGTGGYGYTF,0.00012505151951300485,TCRBV19
CASSQDRGPPLEQYF,0.0001247089126102295,TCRBV04
CASSYRTGYEQYF,0.00012436630570745414,TCRBV19
CSVRGLAGGLYNEQFF,0.00012436630570745414,TCRBV29
CASRLNRWSNTEAFF,0.00012402369880467877,TCRBV12
CASSFGRNNQPQHF,0.00012402369880467877,TCRBV12
CASSEHQMNALLRPEAFF,0.00012333848499912806,TCRBV06
CASSDSSGGANEQFF,0.00012333848499912806,TCRBV06
CASSPQGNTEAFF,0.00012333848499912806,TCRBV07
CASSLAGGQETQYF,0.00012333848499912806,TCRBV13
CASSPAKKGGVNEKLFF,0.000122310664290802,TCRBV18
CASTGTGNTGELFF,0.000122310664290802,TCRBV06
CASSLAGGNEQFF,0.000122310664290802,TCRBV07
CASSLEGDQPQHF,0.00012196805738802663,TCRBV05
CAWSGEQGHLFF,0.00012128284358247595,TCRBV30
CASSLAEMNTEAFF,0.00012025502287414986,TCRBV05
CASSFPAIPFASVLTF,0.00012025502287414986,TCRBV05
CASSPLTPSSSYEQYF,0.0001199124159713745,TCRBV04
CSVVGLAGARSSYNEQFF,0.0001199124159713745,TCRBV29
CASSLGDRSEQYF,0.00011888459526304844,TCRBV05
CAIRGDTEAFF,0.00011854198836027308,TCRBV10
CASSERQIQNTEAFF,0.00011785677455472237,TCRBV06
CASSLRTTYEQYF,0.000117514167651947,TCRBV07
CASSEAQGGANVLTF,0.00011717156074917166,TCRBV06
CASSYAHSNQPQHF,0.00011580113313807024,TCRBV06
CASSEARPDTEAFF,0.00011580113313807024,TCRBV10
CASSPDQPQHF,0.00011580113313807024,TCRBV18
CASTTAPQQPQHF,0.00011477331242974417,TCRBV06
CASSFDGYQPQHF,0.0001144307055269688,TCRBV06
CASSESGESYNEQFF,0.00011408809862419346,TCRBV06
CSVLGLAGGLSSYNEQFF,0.00011374549172141809,TCRBV29
CASSGTSTDTQYF,0.00011271767101309204,TCRBV06
CASSYQRGSTDTQYF,0.00011237506411031667,TCRBV06
CASSEVIAMRKLFF,0.00011237506411031667,TCRBV06
CASSSEQGAGNDEQFF,0.00011168985030476596,TCRBV28
CASSLGANTGELFF,0.0001113472434019906,TCRBV12
CASSLRRGQPNSPLHF,0.00011100463649921526,TCRBV06
CASSLAATGGTTEAFF,0.0001099768157908892,TCRBV12
CASSLGRILQTPGYGYTF,0.00010860638817978776,TCRBV07
CASRPGSYNYEQFF,0.00010860638817978776,TCRBV02
CASSYSIGGDTQYF,0.00010826378127701241,TCRBV06
CAIFARDRYTEAFF,0.00010792117437423704,TCRBV06
CASSYSRDVGNTIYF,0.00010757856747146171,TCRBV06
CASSTRGPDNSPLHF,0.00010655074676313565,TCRBV07
CASSPRNTPYEQYF,0.00010620813986036028,TCRBV07
CASSYWEGVELFF,0.00010552292605480956,TCRBV06
CASSLMDRVHEQYF,0.00010483771224925884,TCRBV05
CASSYSTDIGNTIYF,0.00010483771224925884,TCRBV06
CASSRAGGTGELFF,0.00010415249844370814,TCRBV19
CASSRPENTEAFF,0.00010346728463815744,TCRBV02
CASRGAGRDTQYF,0.00010312467773538208,TCRBV06
CASSYRASDTQYF,0.00010312467773538208,TCRBV06
CASRAGTNEKLFF,0.00010312467773538208,TCRBV25
CATSRDQLTGSYEQYF,0.00010278207083260673,TCRBV15
CASSHLRTGLGKLFF,0.00010278207083260673,TCRBV06
CASSEVGAPSNEQFF,0.00010243946392983136,TCRBV02
CASSEISGVKNSPLHF,0.0001014116432215053,TCRBV10
CASSFRGGEETQYF,0.0001014116432215053,TCRBV09
CASSPLPPTGSQETQYF,0.00010106903631872994,TCRBV04
CASSRVTQPQHF,0.00010106903631872994,TCRBV02
CAISDSGTGANVLTF,0.0001007264294159546,TCRBV10
CASSLRGNQPQHF,0.0001007264294159546,TCRBV27
CASSPADSPEAFF,9.935600180485316e-05,TCRBV07
CASSLAPGAVYEQYF,9.935600180485316e-05,TCRBV05
CASSSTLMNTEAFF,9.901339490207779e-05,TCRBV06
CASSQEEQYF,9.83281810965271e-05,TCRBV02
CASSFLPGLNTDTQYF,9.83281810965271e-05,TCRBV28
CASSLWASYEQYF,9.83281810965271e-05,TCRBV05
CASSLGVGSNQPQHF,9.83281810965271e-05,TCRBV05
CASSQEVTTRRQPQHF,9.798557419375174e-05,TCRBV04
CAIDTGDQPQHF,9.76429672909764e-05,TCRBV28
CASMLWDSYNEQFF,9.76429672909764e-05,TCRBV02
CASIGPGSGNTEAFF,9.76429672909764e-05,TCRBV19
CASSQERTLSGNTIYF,9.730036038820103e-05,TCRBV04
CASSYSTSGGNIQYF,9.695775348542568e-05,TCRBV06
CASSYSESYNEQFF,9.695775348542568e-05,TCRBV06
CASSLQDGQGTDTQYF,9.661514658265032e-05,TCRBV04
CASSQAETQYF,9.661514658265032e-05,TCRBV04
CASSGDGMNTEAFF,9.627253967987497e-05,TCRBV10
CASSPAGLQETQYF,9.59299327770996e-05,TCRBV05
CASNKNRNTEAFF,9.59299327770996e-05,TCRBV12
CASSGTTWDRGF,9.558732587432425e-05,TCRBV02
CASSQGRNNEQFF,9.524471897154891e-05,TCRBV03
CASSQVTSGQESEQYF,9.490211206877354e-05,TCRBV04
CASSLKVLGQQGQPQHF,9.421689826322284e-05,TCRBV12
CSVQGLRGGYTF,9.284647065212141e-05,TCRBV29
CASSQEYRDTEAFF,9.284647065212141e-05,TCRBV04
CASSYPGTGDEKLFF,9.250386374934605e-05,TCRBV06
CASRIQGVNNEQYF,9.250386374934605e-05,TCRBV27
CASSDPDGFNEKLFF,9.216125684657068e-05,TCRBV25
CASSPEPHSPLHF,9.216125684657068e-05,TCRBV28
CASSRRLGGTDTQYF,9.181864994379534e-05,TCRBV06
CASSLGEQFSGNTIYF,9.181864994379534e-05,TCRBV11
CASSSGAGARAFF,9.113343613824464e-05,TCRBV04
CATGLADYNEQFF,9.079082923546928e-05,TCRBV15
CASSKDISGANVLTF,9.079082923546928e-05,TCRBV19
CASSEIVSGNTDTQYF,9.044822233269392e-05,TCRBV06
CASTRDRGDEQYF,9.010561542991855e-05,TCRBV21
CASSDSSGSYNEQFF,8.97630085271432e-05,TCRBV06
CASSQDPGDGANVLTF,8.97630085271432e-05,TCRBV04
CASTSGDPIYF,8.97630085271432e-05,TCRBV25
CSVRGLAGGRSSYNEQFF,8.97630085271432e-05,TCRBV29
CSVMGLAGGRSSYNEQFF,8.873518781881714e-05,TCRBV29
CASSQGGIVGGPSYEQYF,8.839258091604178e-05,TCRBV04
CASRGTGGETQYF,8.839258091604178e-05,TCRBV06
CASSPAADRGTDTQYF,8.804997401326643e-05,TCRBV28
CASSLFRQGKTEAFF,8.804997401326643e-05,TCRBV03
CASSFQTGRELFF,8.770736711049106e-05,TCRBV07
CASSVRDPFVGGQYF,8.770736711049106e-05,TCRBV11
CASSLAGASYEQYF,8.736476020771572e-05,TCRBV12
CASSSTGAGEQYF,8.736476020771572e-05,TCRBV19
CAAKYF,8.736476020771572e-05,TCRBV10
CASSLDSSGANVLTF,8.702215330494034e-05,TCRBV06
CASSQEGGEQFF,8.599433259661429e-05,TCRBV12
CASSPDRPSAGTDTQYF,8.565172569383893e-05,TCRBV19
CASSSLVGTQYF,8.565172569383893e-05,TCRBV06
CASTIQRNLPLSGANVLTF,8.530911879106358e-05,TCRBV05
CASSLNLWGTEAFF,8.462390498551287e-05,TCRBV27
CASSDGAAALDPTDTQYF,8.393869117996215e-05,TCRBV10
CASSFNRVSGNTIYF,8.393869117996215e-05,TCRBV27
CASSNRLYGYTF,8.393869117996215e-05,TCRBV19
CASIGGNTEAFF,8.393869117996215e-05,TCRBV10
CASSYSEEQYF,8.393869117996215e-05,TCRBV06
CATGRRVGEKLFF,8.35960842771868e-05,TCRBV07
CASSYSSDRMGNQPQHF,8.291087047163609e-05,TCRBV06
CASSEDGMNTEAFF,8.291087047163609e-05,TCRBV10
CASRDGPSNTGELFF,8.291087047163609e-05,TCRBV02
CASSFDRESEQYF,8.222565666608538e-05,TCRBV12
CARGRMLSDLQETQYF,8.188304976331002e-05,TCRBV06
CASSESPGSNEKLFF,8.188304976331002e-05,TCRBV06
CATSDLVKGWIWNTEAFF,8.188304976331002e-05,TCRBV24
CASSVDLLYTF,8.154044286053467e-05,TCRBV10
CASSPDTDTQYF,8.05126221522086e-05,TCRBV12
CASSLAGTIPPDTQYF,7.982740834665789e-05,TCRBV06
CASSQTEWGAKNIQYF,7.982740834665789e-05,TCRBV28
CASSLYRGTEAFF,7.982740834665789e-05,TCRBV12
CASTLPEGRADNEQFF,7.811437383278111e-05,TCRBV28
CASTRPGANVLTF,7.811437383278111e-05,TCRBV02
CASDPGQGIETQYF,7.777176693000575e-05,TCRBV06
CAWSRAAKEQFF,7.777176693000575e-05,TCRBV30
CASSQVSSVTQYF,7.777176693000575e-05,TCRBV04
CASGGTTGYNEQFF,7.777176693000575e-05,TCRBV02
CASSYFDGTDANEQFF,7.742916002723039e-05,TCRBV06
CASSPWDRGSSGNTIYF,7.742916002723039e-05,TCRBV28
CASSFTASSYEQYF,7.742916002723039e-05,TCRBV07
CASSDREDTEAFF,7.742916002723039e-05,TCRBV06
CASSSIEQGLSGNTIYF,7.708655312445504e-05,TCRBV10
CASSEKGGGDMNTEAFF,7.708655312445504e-05,TCRBV02
CATSDATSGGFWETQYF,7.674394622167967e-05,TCRBV24
CASSEGGRNEKLFF,7.674394622167967e-05,TCRBV07
CASKRGLDGYTF,7.640133931890433e-05,TCRBV25
CASSPRDNQPQHF,7.571612551335362e-05,TCRBV03
CASSLGSQPQHF,7.537351861057827e-05,TCRBV07
CASSRTGEGEAFF,7.537351861057827e-05,TCRBV06
CASSIQGPGGYTF,7.50309117078029e-05,TCRBV28
CASSLGHPKNIQYF,7.468830480502755e-05,TCRBV05
CASSGQGEGYTF,7.468830480502755e-05,TCRBV25
CASSPPSSQTDTQYF,7.434569790225219e-05,TCRBV18
CSAPRQLNTEAFF,7.434569790225219e-05,TCRBV20
CASSYSNPGAEQYF,7.400309099947684e-05,TCRBV06
CASSPLSGSYTGELFF,7.366048409670148e-05,TCRBV19
CASSYSGDNQPQHF,7.366048409670148e-05,TCRBV06
CASRNRDIGYTF,7.366048409670148e-05,TCRBV25
CASSSLPGQVEKLFF,7.366048409670148e-05,TCRBV12
CASRGKGPYEQYF,7.366048409670148e-05,TCRBV06
CASSLDRVPDEQYF,7.297527029115077e-05,TCRBV28
CAIGGGQASTDTQYF,7.263266338837542e-05,TCRBV10
CASSQDGRVYEQYF,7.263266338837542e-05,TCRBV04
CASSPRLAGGPNEQFF,7.229005648560008e-05,TCRBV28
CSVRGLAGGHGYNEQFF,7.229005648560008e-05,TCRBV29
CASSLSAREAFF,7.194744958282471e-05,TCRBV07
CASSYLGGGTEAFF,7.160484268004934e-05,TCRBV06
CASSLAWSPGHMNTEAFF,7.160484268004934e-05,TCRBV05
CASSYEGGWETQYF,7.160484268004934e-05,TCRBV06
CASRANPQGTSSTDTQYF,7.160484268004934e-05,TCRBV27
CASSETLAYTDTQYF,7.126223577727399e-05,TCRBV06
CASSQDRAQANEQYF,7.126223577727399e-05,TCRBV04
CASSYSRGMNTEAFF,7.091962887449865e-05,TCRBV06
CASSETGNQPQHF,7.091962887449865e-05,TCRBV06
CASSLAGPDNEQFF,7.057702197172328e-05,TCRBV25
CASSGGGRFNSRRQETQYF,7.057702197172328e-05,TCRBV06
CASSERGDYNEQFF,7.023441506894793e-05,TCRBV06
CASSDLSGANVLTF,6.989180816617257e-05,TCRBV06
STPMNTEAFF,6.989180816617257e-05,TCRBV10
CASSLTGLPYEQYF,6.989180816617257e-05,TCRBV05
CASSLDRGGSDETQYF,6.989180816617257e-05,TCRBV05
CASSLNRSGITYTEAFF,6.954920126339722e-05,TCRBV05
CASSLAWGGGTEAFF,6.954920126339722e-05,TCRBV28
CASSQVPGAGEQYF,6.954920126339722e-05,TCRBV03
CASSPTSTGELFF,6.954920126339722e-05,TCRBV06
CASSFSVTRQGLNEQFF,6.920659436062186e-05,TCRBV05
CASSPSLRTGGNQPQHF,6.920659436062186e-05,TCRBV06
CASTGTGGYEQYF,6.920659436062186e-05,TCRBV06
CASSDRRTRDRDTEAFF,6.88639874578465e-05,TCRBV06
CASGTGLSNQPQHF,6.852138055507114e-05,TCRBV19
CSAHSSNQPQHF,6.852138055507114e-05,TCRBV20
CAWSPDNSYNEQFF,6.817877365229579e-05,TCRBV30
CASSSQAHGGEDEKLFF,6.817877365229579e-05,TCRBV04
CASSQGYSPLHF,6.783616674952043e-05,TCRBV03
CASSESGNQPQHF,6.783616674952043e-05,TCRBV06
CASSQATGPTEKLFF,6.783616674952043e-05,TCRBV03
CASSEMRYEQYF,6.749355984674508e-05,TCRBV06
CASSQRTGGELFF,6.749355984674508e-05,TCRBV12
CASSEERVTNEKLFF,6.715095294396973e-05,TCRBV06
CASSETGTYEQYF,6.715095294396973e-05,TCRBV11
CASSLVVGQVNTEAFF,6.680834604119437e-05,TCRBV05
CASSEGGSGANVLTF,6.680834604119437e-05,TCRBV06
CASRYRGSLSTEAFF,6.646573913841902e-05,TCRBV06
CASSLRQGGSGSEAFF,6.646573913841902e-05,TCRBV07
CASSQAGLRGQSGYEQYF,6.646573913841902e-05,TCRBV04
CASSLSFSTANYGYTF,6.612313223564366e-05,TCRBV27
CASSDSSGGADTQYF,6.612313223564366e-05,TCRBV06
CAWRPQGSTEAFF,6.612313223564366e-05,TCRBV30
CASTWGDTQYF,6.57805253328683e-05,TCRBV25
CASGGSNQPQHF,6.543791843009294e-05,TCRBV28
CAWSGKGSTEAFF,6.543791843009294e-05,TCRBV30
CASSVTEYEQYF,6.509531152731759e-05,TCRBV02
CASSQGSPYTGELFF,6.509531152731759e-05,TCRBV04
CASGRWEFSSYEQYF,6.475270462454222e-05,TCRBV10
CASSPSWDRHTEAFF,6.475270462454222e-05,TCRBV02
CASSETGLTEAFF,6.475270462454222e-05,TCRBV10
CASRALGLRGWNQPQHF,6.441009772176688e-05,TCRBV19
CASRGVDNSPLHF,6.441009772176688e-05,TCRBV03
CASSPRLTGATRGNEQFF,6.372488391621617e-05,TCRBV18
CASSLVRGGGANVLTF,6.372488391621617e-05,TCRBV07
CASSLGQGRTEAFF,6.338227701344082e-05,TCRBV06
CASSLSYFNEQFF,6.338227701344082e-05,TCRBV27
CATSRGEPVLTDTQYF,6.303967011066545e-05,TCRBV15
CATSRGDSQETQYF,6.303967011066545e-05,TCRBV05
CASSEQGNTEAFF,6.303967011066545e-05,TCRBV04
CAWRPGIDAFF,6.303967011066545e-05,TCRBV30
CASGPTDYNEQFF,6.303967011066545e-05,TCRBV02
CASSFAGTTNEKLFF,6.26970632078901e-05,TCRBV27
CASSLGTEAFF,6.235445630511475e-05,TCRBV06
CASKMDRVGAFF,6.235445630511475e-05,TCRBV06
CASSLEPPGDNEQFF,6.235445630511475e-05,TCRBV07
CASLVSYNEQFF,6.201184940233938e-05,TCRBV07
CASSEARGITEAFF,6.166924249956403e-05,TCRBV10
CASSELAGGTDTQYF,6.132663559678869e-05,TCRBV06
CASGGRSSGANVLTF,6.132663559678869e-05,TCRBV05
CASSFPKPGHREDQPQHF,6.132663559678869e-05,TCRBV28
CASSPGDPRIVYTF,6.0641421791237975e-05,TCRBV05
CASSLVAVEQFF,6.0641421791237975e-05,TCRBV05
CASSDSSTDTQYF,6.0641421791237975e-05,TCRBV06
CASSYRGLYNSPLHF,6.029881488846261e-05,TCRBV10
CASSYYTDTQYF,6.029881488846261e-05,TCRBV06
CASSFSGGTGELFF,6.029881488846261e-05,TCRBV11
CASSEDGMNTEAFF,5.995620798568725e-05,TCRBV10
CASSFLPGRAFF,5.995620798568725e-05,TCRBV19
CASSYGWGGHSSYNSPLHF,5.995620798568725e-05,TCRBV06
CASSQGGLAGTSGANVLTF,5.995620798568725e-05,TCRBV04
CASSQGAGNEQYF,5.995620798568725e-05,TCRBV04
CASSENGNNEQFF,5.995620798568725e-05,TCRBV06
CASSLEGGTEAFF,5.995620798568725e-05,TCRBV05
CASSGETGIGEKLFF,5.96136010829119e-05,TCRBV06
CASSYVGRDTEAFF,5.96136010829119e-05,TCRBV07
CASSDGDNYGYTF,5.96136010829119e-05,TCRBV06
CASSPLPPETQYF,5.927099418013654e-05,TCRBV27
CASSSNYEQYF,5.927099418013654e-05,TCRBV07
CASSEALAGGPYQETQYF,5.8928387277361183e-05,TCRBV06
CSAYATGNTIYF,5.8928387277361183e-05,TCRBV29
CASSGRDRGYGYTF,5.8928387277361183e-05,TCRBV02
CASSLEPGTEQYF,5.8928387277361183e-05,TCRBV05
CASRPRGPARIQYF,5.858578037458583e-05,TCRBV06
CASSPRTGTGMVAFF,5.858578037458583e-05,TCRBV07
CASSEGVAKNIQYF,5.824317347181049e-05,TCRBV06
CASSEAGDTGELFF,5.824317347181049e-05,TCRBV06
CASSSDGMNTEAFF,5.824317347181049e-05,TCRBV10
CASSDWSGTNEKLFF,5.790056656903512e-05,TCRBV06
CASSVGTGKGSTNEKLFF,5.790056656903512e-05,TCRBV09
CASSDLDVADTQYF,5.790056656903512e-05,TCRBV06
CASSPGRLNTGELFF,5.790056656903512e-05,TCRBV02
CASSLAAGGRYTIYF,5.7557959666259767e-05,TCRBV28
CASSPTGVNTGELFF,5.7557959666259767e-05,TCRBV18
CASSQGPNQPQHF,5.7557959666259767e-05,TCRBV14
CASSQLGDEAFF,5.721535276348441e-05,TCRBV05
CASSRQGNNYGYTF,5.6872745860709045e-05,TCRBV19
CASSQNPGQPNEKLFF,5.6872745860709045e-05,TCRBV04
CAWSPQGNQPQHF,5.6872745860709045e-05,TCRBV30
CASSLGGDTEAFF,5.6872745860709045e-05,TCRBV18
CASSNLGGVTTETQYF,5.6530138957933704e-05,TCRBV19
CATSDGSRGLQYF,5.6530138957933704e-05,TCRBV24
CASSNNLGLDLEAFF,5.6530138957933704e-05,TCRBV05
CASRDTGNNQPQHF,5.6187532055158336e-05,TCRBV12
CASSLTSVGKNIQYF,5.6187532055158336e-05,TCRBV05
CASNGGAGNPYNEQFF,5.584492515238298e-05,TCRBV02
CASSHEGDRFVREQYF,5.584492515238298e-05,TCRBV05
CASSYRGAYNSPLHF,5.584492515238298e-05,TCRBV10
CASSYSQGADTQYF,5.584492515238298e-05,TCRBV06
CAISDYNQPQHF,5.550231824960763e-05,TCRBV10
CASSPGHNTEAFF,5.550231824960763e-05,TCRBV04
CASSLGQGYEQYF,5.550231824960763e-05,TCRBV13
CASSRRASGTSYNEQFF,5.5159711346832273e-05,TCRBV05
CASSTWDRASGANVLTF,5.5159711346832273e-05,TCRBV03
CASSQDMATTDTQYF,5.5159711346832273e-05,TCRBV04
CASSLSGAYEQYF,5.5159711346832273e-05,TCRBV12
CASSRTYPGTGGMQPQHF,5.481710444405692e-05,TCRBV06
CASSDSSSGGADTQYF,5.4474497541281565e-05,TCRBV06
CARSLMNRFYEQYF,5.4474497541281565e-05,TCRBV05
CASSPWTGRNNEKLFF,5.4474497541281565e-05,TCRBV05
CARSFWDRDRNQPQHF,5.4474497541281565e-05,TCRBV05
CARSDRAGNTIYF,5.4474497541281565e-05,TCRBV21
CASSDMGLAGVYF,5.4474497541281565e-05,TCRBV07
CASSGGQSGANVLTF,5.4131890638506204e-05,TCRBV06
CASRRDSRNQPQHF,5.4131890638506204e-05,TCRBV06
CASSSWLLGVAGETQYF,5.378928373573085e-05,TCRBV05
CASSELDRGNTF,5.378928373573085e-05,TCRBV06
CASRKQVGETQYF,5.378928373573085e-05,TCRBV27
CASSEGGMNTEAFF,5.378928373573085e-05,TCRBV02
CASSRDRVTYNEQFF,5.378928373573085e-05,TCRBV05
CATSAGTEDGNTIYF,5.34466768329555e-05,TCRBV24
CASSRRSWGEGYTF,5.34466768329555e-05,TCRBV03
CASSLAHNQPQHF,5.34466768329555e-05,TCRBV07
CASSGLAGGLLNIQYF,5.310406993018014e-05,TCRBV02
CASSLVNSGTAEEYF,5.310406993018014e-05,TCRBV07
CASSSGTGSAMNTEAFF,5.276146302740478e-05,TCRBV28
CASSSGTDVNEQFF,5.276146302740478e-05,TCRBV06
CASSEITGNTEAFF,5.276146302740478e-05,TCRBV06
CASSSDLGEKLFF,5.276146302740478e-05,TCRBV05
CASSVTSGNIQYF,5.276146302740478e-05,TCRBV02
CAWSGAIGNQPQHF,5.241885612462943e-05,TCRBV30
CASSRMGARGNQPQHF,5.241885612462943e-05,TCRBV28
CARSNRWLGTKLEQYF,5.241885612462943e-05,TCRBV02
CASSQSEGTQYF,5.241885612462943e-05,TCRBV03
CASSVGQGYTEAFF,5.207624922185407e-05,TCRBV19
CAISAGSRDSPLHF,5.207624922185407e-05,TCRBV10
CASTSDSPGDEQFF,5.207624922185407e-05,TCRBV04
CASSESPSGGTMFYEQYF,5.207624922185407e-05,TCRBV02
CASSIGWGDKFF,5.173364231907872e-05,TCRBV05
CASSEGQGGNEQFF,5.1391035416303363e-05,TCRBV06
CASRPYALGTGRNYGYTF,5.1391035416303363e-05,TCRBV12
CASSEATSYEQYF,5.1391035416303363e-05,TCRBV02
CASSNNEQFF,5.1048428513528e-05,TCRBV06
CATSAFDGEKLFF,5.1048428513528e-05,TCRBV24
CSAPRQGPNSPLHF,5.1048428513528e-05,TCRBV20
CASSLTGRSYEQYF,5.1048428513528e-05,TCRBV19
CASSQGQGRTGANVLTF,5.1048428513528e-05,TCRBV14
CASKNRGSYNSPLHF,5.1048428513528e-05,TCRBV06
CASKGTGETYEQYF,5.1048428513528e-05,TCRBV06
CAWSQAPSSGGADTQYF,5.1048428513528e-05,TCRBV30
CAISSGQETQYF,5.1048428513528e-05,TCRBV10
CASSFPLGAGVSDEQYF,5.070582161075265e-05,TCRBV05
CASSDPREEGSWHF,5.070582161075265e-05,TCRBV10
CASSPLPDSYNSPLHF,5.070582161075265e-05,TCRBV18
CASSETLQGSAFF,5.070582161075265e-05,TCRBV06
CASGTGRNEQFF,5.002060780520194e-05,TCRBV27
CASNLGGKIGEQYF,5.002060780520194e-05,TCRBV02
CASNPAGTGYEQYF,5.002060780520194e-05,TCRBV02
CAGRQGESGELFF,5.002060780520194e-05,TCRBV07
CASSYETSSYNEQFF,4.967800090242658e-05,TCRBV06
CASSQEGVAGNTFF,4.967800090242658e-05,TCRBV04
CASSDSGNYGYTF,4.967800090242658e-05,TCRBV06
CASKGTVYNSPLHF,4.933539399965122e-05,TCRBV19
CASSPIFTDTQYF,4.933539399965122e-05,TCRBV07
CASIPQLPPRNEQFF,4.933539399965122e-05,TCRBV11
CASSLWYRAYNEQFF,4.933539399965122e-05,TCRBV13
CASRHLDSSLYNSPLHF,4.899278709687587e-05,TCRBV06
CATKMAGGSTGELFF,4.899278709687587e-05,TCRBV24
CASAGGNEQFF,4.899278709687587e-05,TCRBV25
CASSLLGQGGEKLFF,4.899278709687587e-05,TCRBV12
CASSYGPRNTIYF,4.899278709687587e-05,TCRBV06
CASRDTDRNTEAFF,4.8650180194100516e-05,TCRBV06
CATGEPNYGYTF,4.8650180194100516e-05,TCRBV24
CRVAGRSYEQYF,4.8650180194100516e-05,TCRBV20
CASSSGTGYTF,4.8650180194100516e-05,TCRBV06
CASSPGFRTGVLKLFF,4.830757329132516e-05,TCRBV06
CASSKDGPSGGPNGEQFF,4.830757329132516e-05,TCRBV21
CASSARQSSNQPQHF,4.830757329132516e-05,TCRBV06
CASSYEGYGYTF,4.830757329132516e-05,TCRBV07
CASSSPGNTEAFF,4.830757329132516e-05,TCRBV06
CASSFLAGNTYEQYF,4.830757329132516e-05,TCRBV05
CASSFSGLEKLFF,4.830757329132516e-05,TCRBV12
CSAHRTGTNTEAFF,4.79649663885498e-05,TCRBV20
CASSPPGLAGALSGANVLTF,4.79649663885498e-05,TCRBV18
CASSRLGDSTDTQYF,4.79649663885498e-05,TCRBV04
CASSYGDNNSPLHF,4.7622359485774453e-05,TCRBV06
CASSVSSGGEYEQFF,4.7622359485774453e-05,TCRBV06
CASSPGTSGADTQYF,4.7622359485774453e-05,TCRBV06
CASSVGGDEQYF,4.7622359485774453e-05,TCRBV09
CARTLGAGNTIYF,4.7622359485774453e-05,TCRBV02
CATSDLVVILLPSYNSPLHF,4.7622359485774453e-05,TCRBV24
CASSPDRGGWNEQFF,4.727975258299909e-05,TCRBV11
CATIDRPNTEAFF,4.6937145680223745e-05,TCRBV06
CASSADGSGANVLTF,4.6937145680223745e-05,TCRBV06
CASSPPSLGPNTEAFF,4.6937145680223745e-05,TCRBV18
CASSYSKYTEAFF,4.6937145680223745e-05,TCRBV06
CASSSGDTGELFF,4.6937145680223745e-05,TCRBV06
CASSLEGRYEQYF,4.6937145680223745e-05,TCRBV05
CASSTPGLRPGYNSPLHF,4.6937145680223745e-05,TCRBV02
CASSWRGTSTGANVLTF,4.6594538777448384e-05,TCRBV05
CASSEYRDTGELFF,4.6594538777448384e-05,TCRBV25
CASSDTAAPSLFRNSPLHF,4.6594538777448384e-05,TCRBV06
CASSPPGWYGYTF,4.6594538777448384e-05,TCRBV18
CASSPQSQGRNSPLHF,4.6594538777448384e-05,TCRBV04
CATGKGSDSGNTIYF,4.625193187467302e-05,TCRBV10
CATSSSAGETQYF,4.625193187467302e-05,TCRBV15
CASSHTGTGNNSPLHF,4.625193187467302e-05,TCRBV07
CASSETGSDTQYF,4.625193187467302e-05,TCRBV02
CAWSPGQGYTEAFF,4.590932497189767e-05,TCRBV30
CASRGTGGLTEAFF,4.590932497189767e-05,TCRBV05
CASTPRGAGANVLTF,4.590932497189767e-05,TCRBV28
CASSEAGGVYGYTF,4.590932497189767e-05,TCRBV06
CASSYRDGNQPQHF,4.556671806912232e-05,TCRBV28
CASSDGTYTEAFF,4.556671806912232e-05,TCRBV06
CASSYSSGGAETQYF,4.522411116634696e-05,TCRBV06
CASSDPGVGGELFF,4.522411116634696e-05,TCRBV06
CASTDGQGTTTQYF,4.522411116634696e-05,TCRBV10
CASSYLGLARPRAENIQYF,4.522411116634696e-05,TCRBV06
CASSLSFSTEAFF,4.522411116634696e-05,TCRBV07
CASSLVAAYEQYF,4.522411116634696e-05,TCRBV12
CASSEVMDYNEQFF,4.48815042635716e-05,TCRBV06
CATSPRYGNQPQHF,4.48815042635716e-05,TCRBV24
CASSPLPQGSSTEAFF,4.48815042635716e-05,TCRBV18
CASSQERASNEKLFF,4.48815042635716e-05,TCRBV04
CASSVAINEKLFF,4.48815042635716e-05,TCRBV06
CASSLNENTEAFF,4.48815042635716e-05,TCRBV06
CASSVAGGTDTQYF,4.453889736079625e-05,TCRBV06
CASSPTDRGANEKLFF,4.453889736079625e-05,TCRBV18
CASSQGGLMRGGSNEQYF,4.453889736079625e-05,TCRBV04
CASSRDRAVGTEAFF,4.453889736079625e-05,TCRBV18
CASGPHSTGELFF,4.453889736079625e-05,TCRBV02
CASSPAGANVLTF,4.453889736079625e-05,TCRBV12
CASSVDQGYGYTF,4.453889736079625e-05,TCRBV09
CASSDTGLTGELFF,4.419629045802089e-05,TCRBV06
CASSLAGAGNTIYF,4.419629045802089e-05,TCRBV05
CASSWGGGLEKLFF,4.419629045802089e-05,TCRBV05
CASSLSAKNTEAFF,4.419629045802089e-05,TCRBV27
CASSPPGTGEGDEQFF,4.419629045802089e-05,TCRBV07
CASSDHRGLTDTQYF,4.419629045802089e-05,TCRBV12
CASSLRGNQPQHF,4.419629045802089e-05,TCRBV27
CASSASGGRYEQYF,4.419629045802089e-05,TCRBV18
CASKREHEQFF,4.419629045802089e-05,TCRBV02
CASSGTSTDTQYF,4.419629045802089e-05,TCRBV06
CASSRSAQFF,4.385368355524554e-05,TCRBV28
CASSSGLAGARGELFF,4.385368355524554e-05,TCRBV19
CASSRKVLAALGETQYF,4.385368355524554e-05,TCRBV12
CSAYLTGDNSPLHF,4.385368355524554e-05,TCRBV20
CASSDGGGATDTQYF,4.385368355524554e-05,TCRBV06
CASSEWQSTDTQYF,4.385368355524554e-05,TCRBV10
CASSPREMNEQYF,4.385368355524554e-05,TCRBV06
CASSAAKGGQPSTDTQYF,4.351107665247017e-05,TCRBV09
CASSYLRTGGNEQFF,4.351107665247017e-05,TCRBV06
CASSGRTVNTEAFF,4.351107665247017e-05,TCRBV06
CASSLAPDTQYF,4.351107665247017e-05,TCRBV02
CASSQESWSGLNF,4.351107665247017e-05,TCRBV04
CASSKGGANVLTF,4.351107665247017e-05,TCRBV12
CAWTPGGVGNTEAFF,4.351107665247017e-05,TCRBV30
CASRPQGENTEAFF,4.3168469749694815e-05,TCRBV06
CASKPGSSGNTIYF,4.3168469749694815e-05,TCRBV19
CASSWDPSTDTQYF,4.3168469749694815e-05,TCRBV05
CASSEVGGSSYNSPLHF,4.3168469749694815e-05,TCRBV06
CASSERRQGFPLYEQYF,4.3168469749694815e-05,TCRBV06
CASSLADGQRNTEAFF,4.3168469749694815e-05,TCRBV05
CAWSVTSPRGDSPLHF,4.3168469749694815e-05,TCRBV30
CASSVEGPGGANQPQHF,4.282586284691947e-05,TCRBV19
CASSFSRGPNYGYTF,4.282586284691947e-05,TCRBV28
CASSLGGTQSLHF,4.282586284691947e-05,TCRBV07
CASSFSAFLNEQFF,4.282586284691947e-05,TCRBV28
CASSFPGRPYEQYF,4.282586284691947e-05,TCRBV06
CASSFGTGSVGEKLFF,4.282586284691947e-05,TCRBV07
CASSPAGQGSRNSPLHF,4.282586284691947e-05,TCRBV27
CASSPSGGAADEQYF,4.282586284691947e-05,TCRBV04
CASDKGAREKLFF,4.282586284691947e-05,TCRBV06
CSVRGLAGAMSSYNEQFF,4.282586284691947e-05,TCRBV29
CSARDQVDRGDTF,4.282586284691947e-05,TCRBV20
CASSLAIGGTQYF,4.282586284691947e-05,TCRBV05
CASSGAENSYNSPLHF,4.248325594414411e-05,TCRBV10
CATSRKRGWSNQPQHF,4.248325594414411e-05,TCRBV15
CASSFRSRSYEQYF,4.248325594414411e-05,TCRBV05
CASSNLGGNRIEAFF,4.248325594414411e-05,TCRBV06
CASSQALNTEAFF,4.248325594414411e-05,TCRBV14
CASSGPFTDTQYF,4.248325594414411e-05,TCRBV02
CASSLIWGQGPSYSNQPQHF,4.248325594414411e-05,TCRBV28
CASSTDRTGIIYEQYF,4.214064904136876e-05,TCRBV28
CASSQGQLYEKLFF,4.214064904136876e-05,TCRBV19
CASSQVMVAHNEKLFF,4.214064904136876e-05,TCRBV14
CASSLEGSGGARFF,4.214064904136876e-05,TCRBV07
CASSYYPGGDGYTF,4.214064904136876e-05,TCRBV12
CSARDPSGEVGRTQYF,4.214064904136876e-05,TCRBV20
CASRDRVQETQYF,4.214064904136876e-05,TCRBV05
CATSDRTGSEQYF,4.17980421385934e-05,TCRBV24
CASSGVGSVVLTF,4.17980421385934e-05,TCRBV02
CASARGGNQPQHF,4.17980421385934e-05,TCRBV12
CASPPELTSGSDTQYF,4.145543523581805e-05,TCRBV06
CASSPYRANYGYTF,4.145543523581805e-05,TCRBV05
CASSEAQGRDTEAFF,4.145543523581805e-05,TCRBV10
CASSAGPGANVLTF,4.145543523581805e-05,TCRBV06
CASSLRTTNEKLFF,4.145543523581805e-05,TCRBV03
CASRNQYQETQYF,4.145543523581805e-05,TCRBV06
CAWMGRGERRNEQFF,4.145543523581805e-05,TCRBV30
CASRARTSGGGTQYF,4.145543523581805e-05,TCRBV05
CASSLEPASTDTQYF,4.145543523581805e-05,TCRBV05
CASSYAQEVWTDTQYF,4.111282833304269e-05,TCRBV06
CASSIGGHTDTQYF,4.111282833304269e-05,TCRBV19
CASSTRYNTYEQYF,4.111282833304269e-05,TCRBV19
CASSQDRQAKNQPQHF,4.111282833304269e-05,TCRBV04
CATSDHRGGLEPQHF,4.111282833304269e-05,TCRBV24
CASSLDLYSYEQYF,4.111282833304269e-05,TCRBV06
CSVEVSVAEAFF,4.111282833304269e-05,TCRBV29
CASSLVGGDPAYEQYF,4.111282833304269e-05,TCRBV07
CASSPGAEQFF,4.111282833304269e-05,TCRBV18
CASSLTSRGHEQFF,4.111282833304269e-05,TCRBV07
CASSPGQGASEQFF,4.111282833304269e-05,TCRBV07
CASSPPSSWETQYF,4.111282833304269e-05,TCRBV18
CASSGQGHTEAFF,4.111282833304269e-05,TCRBV06
CASSQEEGSGANVLTF,4.0770221430267335e-05,TCRBV04
CATSRLAGETQYF,4.0770221430267335e-05,TCRBV15
CAIILAGRNTEAFF,4.0770221430267335e-05,TCRBV06
CASSDASRRNQPQHF,4.0770221430267335e-05,TCRBV02
CASKGGDTQYF,4.0770221430267335e-05,TCRBV06
CASSQDGRGNSPLHF,4.0770221430267335e-05,TCRBV14
CASSSQQNQPQHF,4.0770221430267335e-05,TCRBV06
CASSSLPGQWTHF,4.0770221430267335e-05,TCRBV07
CASSDGSGSGANVLTF,4.042761452749197e-05,TCRBV06
CASSYPPTMAGGVGEQFF,4.042761452749197e-05,TCRBV06
CASSLLAGGNNEQFF,4.042761452749197e-05,TCRBV28
CATSYTGKDTQYF,4.042761452749197e-05,TCRBV15
CASRLPPDREIRGNQPQHF,4.042761452749197e-05,TCRBV05
CSALGTYNEQFF,4.042761452749197e-05,TCRBV29
CASGKGHLEAFF,4.042761452749197e-05,TCRBV02
CASSSWDRGDYGYTF,4.042761452749197e-05,TCRBV19
CASGLGVGNEQFF,4.042761452749197e-05,TCRBV12
CASSHQSSVSAF,4.008500762471662e-05,TCRBV07
CASSPTGVGGNTIYF,4.008500762471662e-05,TCRBV06
CASSQDRELAGITDTQYF,4.008500762471662e-05,TCRBV03
CASSPRQSSNQPQHF,4.008500762471662e-05,TCRBV06
CATSAGLDSGELFF,4.008500762471662e-05,TCRBV24
CASRGQGIDSPLHF,4.008500762471662e-05,TCRBV02
CASSWASGANNEQFF,4.008500762471662e-05,TCRBV05
CASSYSGQGREETQYF,3.974240072194127e-05,TCRBV06
CASSEEEGAAGNTIYF,3.974240072194127e-05,TCRBV06
CATSRDLAGGYNEQFF,3.974240072194127e-05,TCRBV15
CASSSTGTGESPLHF,3.974240072194127e-05,TCRBV06
CASSFFEGDRAIKQYF,3.974240072194127e-05,TCRBV12
CASSELGASYEQYF,3.974240072194127e-05,TCRBV02
CASRGGDGMNTEAFF,3.974240072194127e-05,TCRBV05
CASGLTDTQYF,3.974240072194127e-05,TCRBV12
CASSFPKGGEYNEQFF,3.974240072194127e-05,TCRBV05
CSARDITNTEAFF,3.974240072194127e-05,TCRBV20
CASSYSNQVIGKTEAFF,3.939979381916591e-05,TCRBV06
CAGSNRESSGNTIYF,3.939979381916591e-05,TCRBV06
CASSFLEGTDTQYF,3.939979381916591e-05,TCRBV06
CASSGGASPLHF,3.939979381916591e-05,TCRBV07
CASSEGEHQPQHF,3.939979381916591e-05,TCRBV06
CASSPRSGASSYNEQFF,3.939979381916591e-05,TCRBV07
CASSGLGGAQTYEQYF,3.905718691639056e-05,TCRBV21
CASSLGSGANVLTF,3.905718691639056e-05,TCRBV05
CASSFASGAVETQYF,3.905718691639056e-05,TCRBV07
CAISDRDNSPLHF,3.905718691639056e-05,TCRBV10
CASSEASVATNEKLFF,3.8714580013615196e-05,TCRBV06
CASTPQLGNTEAFF,3.8714580013615196e-05,TCRBV19
CASSYSGWGGSGNTIYF,3.8714580013615196e-05,TCRBV06
CASSYGQGGANVLTF,3.8714580013615196e-05,TCRBV06
CASFNTNTEAFF,3.8714580013615196e-05,TCRBV06
CASSLVGATEAFF,3.8714580013615196e-05,TCRBV28
CASSRIQDQETQYF,3.8714580013615196e-05,TCRBV02
CASSIVRLTGTEAFF,3.8714580013615196e-05,TCRBV19
CASSESGGTGANVLTF,3.8371973110839835e-05,TCRBV06
CAFQLSAGANVLTF,3.8371973110839835e-05,TCRBV30
CASSSTSGPRKETQYF,3.8371973110839835e-05,TCRBV07
CASSPPGTGSLYEQYF,3.8371973110839835e-05,TCRBV18
CASSYLQGYNEKLFF,3.8371973110839835e-05,TCRBV07
CASSFGGRGEKLFF,3.8371973110839835e-05,TCRBV07
CAWSVLQFNEQFF,3.8371973110839835e-05,TCRBV30
CASSRDLAAEQFF,3.8371973110839835e-05,TCRBV10
CASSQGPLNTGELFF,3.8371973110839835e-05,TCRBV05
CASSELREQYF,3.802936620806449e-05,TCRBV06
CASSRLGTGPNTEAFF,3.802936620806449e-05,TCRBV02
CASRVTGVSNQPQHF,3.802936620806449e-05,TCRBV06
CASRPLGGSNEKLFF,3.802936620806449e-05,TCRBV06
CASSYFSSGEETQYF,3.802936620806449e-05,TCRBV06
CASSLLAGGNNEQFF,3.802936620806449e-05,TCRBV28
CASSFGDVAGNTIYF,3.802936620806449e-05,TCRBV07
CASSPKGVSRNEQYF,3.802936620806449e-05,TCRBV18
CASSQKDAENTEAFF,3.802936620806449e-05,TCRBV04
CASSDTSNEQYF,3.802936620806449e-05,TCRBV05
CASSFRDRVSGYTF,3.802936620806449e-05,TCRBV07
CASSLGGTIEAFF,3.802936620806449e-05,TCRBV18
CASSWEGAAYQPQHF,3.802936620806449e-05,TCRBV05
CASSLEGSSEQFF,3.802936620806449e-05,TCRBV05
CASSYSKDRGPYEQYF,3.7686759305289134e-05,TCRBV06
CASSPQFHTGNTIYF,3.7686759305289134e-05,TCRBV06
CASSESGRNEKLFF,3.7686759305289134e-05,TCRBV25
CASSAGYEGTPLHF,3.7686759305289134e-05,TCRBV06
CASSPAGQGRNTEAFF,3.7686759305289134e-05,TCRBV18
CASSFSDGNTEAFF,3.7686759305289134e-05,TCRBV07
CASSMGSKNIQYF,3.7686759305289134e-05,TCRBV19
CASSQNPGDKAFF,3.7686759305289134e-05,TCRBV07
CASSPTDLRGNQPQHF,3.734415240251377e-05,TCRBV03
CASSPVDRFHQPQHF,3.734415240251377e-05,TCRBV27
CAISIDRGREKLFF,3.734415240251377e-05,TCRBV10
CASRYRGGNSPLHF,3.734415240251377e-05,TCRBV06
CATSDHQGQETQYF,3.734415240251377e-05,TCRBV24
CASSLGGLNLNTEAFF,3.734415240251377e-05,TCRBV07
CASSLGADRETQYF,3.734415240251377e-05,TCRBV11
CASSLGWGLKF,3.734415240251377e-05,TCRBV07
CASSESRLVMGHEQFF,3.734415240251377e-05,TCRBV05
CASSPVTSGGWNNEQFF,3.700154549973842e-05,TCRBV05
CASSENIGTGGEKLFF,3.700154549973842e-05,TCRBV06
CASRDVNRERNSPLHF,3.700154549973842e-05,TCRBV06
CASSGWEDRQDNEQFF,3.700154549973842e-05,TCRBV28
CASSRGTGVYEQYF,3.700154549973842e-05,TCRBV05
CASSLGQGPYEQYF,3.700154549973842e-05,TCRBV05
CASSYWPLDRVESEKLFF,3.700154549973842e-05,TCRBV06
CASSDSSGGYNEQFF,3.700154549973842e-05,TCRBV06
CASSQEPASGANVLTF,3.700154549973842e-05,TCRBV04
CASSYQGGAEGYTF,3.700154549973842e-05,TCRBV06
CASSFFSTGNQNGYTF,3.700154549973842e-05,TCRBV07
CASSYQQWEGRIFSGANVLTF,3.700154549973842e-05,TCRBV06
CASSQRGSPYEQYF,3.700154549973842e-05,TCRBV03
CASTGTGGQPQHF,3.700154549973842e-05,TCRBV06
CASSPTNTGELFF,3.700154549973842e-05,TCRBV18
CASSTDVNQPQHF,3.700154549973842e-05,TCRBV07
CASSRNRGAGETQYF,3.700154549973842e-05,TCRBV03
CASSPDRPSGEKLFF,3.700154549973842e-05,TCRBV05
CASSLGTQPQHF,3.665893859696306e-05,TCRBV07
CAWSIRGRPYEQYF,3.665893859696306e-05,TCRBV30
CASSLAPAQANYGYTF,3.665893859696306e-05,TCRBV27
CASSDPGTGLGNTIYF,3.665893859696306e-05,TCRBV04
CASSPQVSAREGEQYF,3.665893859696306e-05,TCRBV04
CASSLQGVGNQPQHF,3.665893859696306e-05,TCRBV06
CASSQGGSSGGGYTF,3.665893859696306e-05,TCRBV06
CASSIGPGTNSPLHF,3.665893859696306e-05,TCRBV27
CASSSYSPGLAGGRTSYEQYF,3.665893859696306e-05,TCRBV12
CASSASELNTEAFF,3.665893859696306e-05,TCRBV06
CATETSEAKNIQYF,3.665893859696306e-05,TCRBV28
CASSLSSYGYTF,3.665893859696306e-05,TCRBV05
CASRGLLLNTEAFF,3.665893859696306e-05,TCRBV04
CASSQIITGVAEAFF,3.665893859696306e-05,TCRBV14
CASSPRTPYNEQFF,3.665893859696306e-05,TCRBV12
CAISDYENTEAFF,3.665893859696306e-05,TCRBV10
CASSLDRQGPNEKLFF,3.665893859696306e-05,TCRBV05
CASSEGEVGGYTF,3.665893859696306e-05,TCRBV02
CASSELGLAGDPSTDTQYF,3.631633169418771e-05,TCRBV02
CANARDRGGYTF,3.631633169418771e-05,TCRBV02
CASCWTGSNSPLHF,3.631633169418771e-05,TCRBV02
CASSLAGRGSTQYF,3.631633169418771e-05,TCRBV12
CASSLGTVGANVLTF,3.631633169418771e-05,TCRBV05
CASSPAGQGPHEQYF,3.631633169418771e-05,TCRBV05
CASSLLGTGGDEQYF,3.631633169418771e-05,TCRBV05
CATSESGTGDAGSQHF,3.597372479141236e-05,TCRBV24
CAWNRDIQRNEQFF,3.597372479141236e-05,TCRBV30
CASSDPGQGSNEKLFF,3.597372479141236e-05,TCRBV06
CASTGADTQYF,3.597372479141236e-05,TCRBV28
CASRVTFSIANTGELFF,3.597372479141236e-05,TCRBV06
CASSYSQDSGNTIYF,3.597372479141236e-05,TCRBV06
CASIRDGRPNEKLFF,3.597372479141236e-05,TCRBV06
CASSPGEVFGLEAFF,3.597372479141236e-05,TCRBV06
CASSPLSNQPQHF,3.597372479141236e-05,TCRBV07
CASSPKGQYTDTQYF,3.597372479141236e-05,TCRBV06
CASRGLGSPLHF,3.597372479141236e-05,TCRBV14
CASRPRGGMNTEAFF,3.597372479141236e-05,TCRBV13
CSATKGKLGNQPQHF,3.597372479141236e-05,TCRBV20
CASSLTSNTEAFF,3.597372479141236e-05,TCRBV11
CASSEIHGRLNSPLHF,3.5631117888636995e-05,TCRBV06
CASSLSLAGGQNEQFF,3.5631117888636995e-05,TCRBV27
CASSPVDEHRLTYYEQYF,3.5631117888636995e-05,TCRBV18
CASSLEAVNSPLHF,3.5631117888636995e-05,TCRBV05
CASSITGVAGANVLTF,3.5631117888636995e-05,TCRBV05
CASTEAFF,3.5631117888636995e-05,TCRBV23
CASSEHQGSQPQHF,3.5631117888636995e-05,TCRBV28
CASSFKGGAHNSPLHF,3.5631117888636995e-05,TCRBV07
CATQIDRVGGYTF,3.5631117888636995e-05,TCRBV19
CASSFLPRDAQYF,3.5631117888636995e-05,TCRBV07
CASSLGQGRNEQYF,3.528851098586164e-05,TCRBV05
CASSYDRDQPQHF,3.528851098586164e-05,TCRBV06
CASSDSTGGYNEQFF,3.528851098586164e-05,TCRBV06
CASEDRTNEKLFF,3.528851098586164e-05,TCRBV07
CASSSVLGSGEQYF,3.528851098586164e-05,TCRBV06
CASSFGGGESYNEQFF,3.528851098586164e-05,TCRBV07
CASSLVVGGFRNEQFF,3.528851098586164e-05,TCRBV07
CASSPLPALAGQKGDTQYF,3.528851098586164e-05,TCRBV18
CASLKGGRNQPQHF,3.528851098586164e-05,TCRBV12
CASSGQGFREAFF,3.528851098586164e-05,TCRBV06
CASSSPGGYTGELFF,3.528851098586164e-05,TCRBV05
CASSSSEFGSNTQYF,3.528851098586164e-05,TCRBV05
CASTDFPDLYQPQHF,3.528851098586164e-05,TCRBV19
CAIGGANLGSSYNEQFF,3.528851098586164e-05,TCRBV02
CASSLTGHGRETQYF,3.528851098586164e-05,TCRBV05
CASRSGTGGYEQYF,3.494590408308629e-05,TCRBV05
CAISKSPGAGEKLFF,3.494590408308629e-05,TCRBV10
CSVYGLAGGLGVRSSYNEQFF,3.494590408308629e-05,TCRBV29
CASSYDRYSNQPQHF,3.494590408308629e-05,TCRBV06
CASSYSVFNYGYTF,3.494590408308629e-05,TCRBV06
CASSEGGGADTQYF,3.494590408308629e-05,TCRBV06
CASSFLAEGEYF,3.494590408308629e-05,TCRBV28
CASSLELFF,3.494590408308629e-05,TCRBV05
CSARTGTGNSYTF,3.494590408308629e-05,TCRBV20
CASSPTVQGALGYTF,3.494590408308629e-05,TCRBV03
CASSVAQDSPLHF,3.494590408308629e-05,TCRBV09
CASSIASGSSTDTQYF,3.460329718031093e-05,TCRBV19
CASSTRGAKNIQYF,3.460329718031093e-05,TCRBV19
CASSLGIFDNEQFF,3.460329718031093e-05,TCRBV05
CASSPGLAGDMFGELFF,3.460329718031093e-05,TCRBV06
CASSYSYPGAITNSPLHF,3.460329718031093e-05,TCRBV06
CASSAGLSFSGELFF,3.460329718031093e-05,TCRBV06
CAISRDKYSNQPQHF,3.460329718031093e-05,TCRBV10
CASSSGTGPQYF,3.460329718031093e-05,TCRBV06
CASSEAPGNTEAFF,3.460329718031093e-05,TCRBV02
CASNPGSLIGPQHF,3.460329718031093e-05,TCRBV02
CASSDTLEGPQHF,3.460329718031093e-05,TCRBV06
CSARDLANEKLFF,3.460329718031093e-05,TCRBV20
CASSLDTYYGYTF,3.460329718031093e-05,TCRBV05
CASSRGPAGGDYYGYTF,3.426069027753557e-05,TCRBV23
CASSPAGLNEKLFF,3.426069027753557e-05,TCRBV19
CASSVGQGPNQPQHF,3.426069027753557e-05,TCRBV27
CASSGRGTTNEKLFF,3.426069027753557e-05,TCRBV28
CASELLAGGVNEQFF,3.426069027753557e-05,TCRBV10
CASSEKGETQYF,3.426069027753557e-05,TCRBV04
CASSFGGAMQYF,3.426069027753557e-05,TCRBV05
CAIRQDNQPQHF,3.426069027753557e-05,TCRBV10
CASSPRVGGADTQYF,3.426069027753557e-05,TCRBV11
CASSPLGGTEAFF,3.426069027753557e-05,TCRBV18
CAIRRAPGSPLHF,3.426069027753557e-05,TCRBV10
CASSGDENTEAFF,3.426069027753557e-05,TCRBV06
CASSPWANTEAFF,3.426069027753557e-05,TCRBV05
CASSSILRTEMNTEAFF,3.391808337476022e-05,TCRBV05
CASSRTDDRVHIQYF,3.391808337476022e-05,TCRBV06
CASTSQGARNSSLHF,3.391808337476022e-05,TCRBV06
CASSELATTRRKLFF,3.391808337476022e-05,TCRBV06
CASRGRGRGDYGYTF,3.391808337476022e-05,TCRBV28
CAIRTSGETQYF,3.391808337476022e-05,TCRBV10
CASSQDRNSGPWMNTEAFF,3.391808337476022e-05,TCRBV04
CASSQVSAGGSVGANVLTF,3.391808337476022e-05,TCRBV04
CASSHGGLLGTEAFF,3.391808337476022e-05,TCRBV12
CASSQGRVSPLHF,3.391808337476022e-05,TCRBV03
CASSLGDGNNQPQHF,3.391808337476022e-05,TCRBV05
CASSPAGSLEQYF,3.391808337476022e-05,TCRBV07
CASRERIGEKLFF,3.391808337476022e-05,TCRBV05
CASSANRPGGALDTQYF,3.3575476471984856e-05,TCRBV05
CASRNHREATNEKLFF,3.3575476471984856e-05,TCRBV06
CAIGSRDRVRGNTIYF,3.3575476471984856e-05,TCRBV10
CASSLGGLGEKLFF,3.3575476471984856e-05,TCRBV05
CSASRRGVYNEQFF,3.3575476471984856e-05,TCRBV20
CASSLASYNSPLHF,3.3575476471984856e-05,TCRBV19
CASSEAFRTPLNTEAFF,3.3575476471984856e-05,TCRBV06
CASSQQDLFLSYEQYF,3.3575476471984856e-05,TCRBV04
CASSVGTGTYNEQFF,3.3575476471984856e-05,TCRBV06
CASSGTEGGYYGYTF,3.3575476471984856e-05,TCRBV06
CASSGYPGSKETQYF,3.3575476471984856e-05,TCRBV02
CASSQWRGETQYF,3.3575476471984856e-05,TCRBV04
CASRRDRNTEAFF,3.3575476471984856e-05,TCRBV06
CASSEGTAYEQYF,3.3575476471984856e-05,TCRBV02
CASGQGEEKLFF,3.323286956920951e-05,TCRBV07
CASSEARWMNTEAFF,3.323286956920951e-05,TCRBV06
CASSFLPGLAGRGNEQFF,3.323286956920951e-05,TCRBV05
CASSEGVEGTEAFF,3.323286956920951e-05,TCRBV06
CASSSKNTEAFF,3.323286956920951e-05,TCRBV02
CASSLTVTEAFF,3.323286956920951e-05,TCRBV12
CASSPLDGSSYEQYF,3.323286956920951e-05,TCRBV02
CASSFGEGAVNTQYF,3.323286956920951e-05,TCRBV07
CASSQEGQGYDEQYF,3.323286956920951e-05,TCRBV04
CASSFSGGTDTQYF,3.323286956920951e-05,TCRBV07
CASSLNGPQYF,3.289026266643415e-05,TCRBV05
CASSERGLGGELFF,3.289026266643415e-05,TCRBV10
CASSETLRTSEETQYF,3.289026266643415e-05,TCRBV07
CASSLGGSGANVLTF,3.289026266643415e-05,TCRBV12
CASSPGQGRNTIYF,3.289026266643415e-05,TCRBV02
CASSAGLAINEQFF,3.289026266643415e-05,TCRBV07
CASSLDRGPAAPLHF,3.289026266643415e-05,TCRBV05
CSARVTSFETQYF,3.289026266643415e-05,TCRBV29
CASSQGPLWPQHF,3.289026266643415e-05,TCRBV05
CASSGTGGSGANVLTF,3.2547655763658786e-05,TCRBV06
CASSYSPTGANYGYTF,3.2547655763658786e-05,TCRBV06
CASSEGIRRETQYF,3.2547655763658786e-05,TCRBV19
CASSIRGAKNIQYF,3.2547655763658786e-05,TCRBV19
CASSPVRGGTEAFF,3.2547655763658786e-05,TCRBV07
CASRGQGRASPLHF,3.2547655763658786e-05,TCRBV12
CASSSSGLSEQYF,3.2547655763658786e-05,TCRBV06
CASGEGSGVTDTQYF,3.2547655763658786e-05,TCRBV05
CASSLRGSYEQYF,3.2547655763658786e-05,TCRBV05
CASSLGMNTEAFF,3.2547655763658786e-05,TCRBV02
CASSLWTGMNEQFF,3.220504886088344e-05,TCRBV06
CASSYAGLSYGYTF,3.220504886088344e-05,TCRBV06
CASSDSSGGANEQFF,3.220504886088344e-05,TCRBV06
CASAQIGNGANVLTF,3.220504886088344e-05,TCRBV06
CASSSGGLLQETQYF,3.220504886088344e-05,TCRBV06
CASSDGGGGTTGANVLTF,3.220504886088344e-05,TCRBV14
CATSFGTALYEQYF,3.220504886088344e-05,TCRBV06
CASSLQPGTDTQYF,3.220504886088344e-05,TCRBV28
CASRQASLRVTTEAFF,3.220504886088344e-05,TCRBV12
CASSPQGRDYGYTF,3.220504886088344e-05,TCRBV03
CAWNLARGTEAFF,3.220504886088344e-05,TCRBV30
CASSEGTVKTQYF,3.220504886088344e-05,TCRBV06
CASSTTDTQYF,3.220504886088344e-05,TCRBV07
CSARIHPNEKLFF,3.220504886088344e-05,TCRBV20
CASSLGYSRDNEQFF,3.220504886088344e-05,TCRBV05
CASTPRPTGGANGYTF,3.1862441958108085e-05,TCRBV06
CASSARVWGTEAFF,3.1862441958108085e-05,TCRBV19
CASSEASGGADTQYF,3.1862441958108085e-05,TCRBV06
CASSRLDRNNSPLHF,3.1862441958108085e-05,TCRBV28
CASSPSGEGGGKNIQYF,3.1862441958108085e-05,TCRBV04
CASAPGGTEAFF,3.1862441958108085e-05,TCRBV12
CASSPVGQGRNQPQHF,3.1862441958108085e-05,TCRBV07
CASTANQPQHF,3.1862441958108085e-05,TCRBV06
CASSLPGGSPLHF,3.1862441958108085e-05,TCRBV27
CACPRDTEAFF,3.1862441958108085e-05,TCRBV30
CASRLNPGSYEQYF,3.1862441958108085e-05,TCRBV07
CSVQGLAGKKSSYNEQFF,3.1862441958108085e-05,TCRBV29
CSARDTTTSPLHF,3.1862441958108085e-05,TCRBV20
CASSPKTSGFYGETQYF,3.1862441958108085e-05,TCRBV07
CASSEWPSGGSGPETQYF,3.1862441958108085e-05,TCRBV02
CASSLSGPLDTQYF,3.1519835055332724e-05,TCRBV05
CSVGSGGTNEKLFF,3.1519835055332724e-05,TCRBV29
CASRDSGENEQFF,3.1519835055332724e-05,TCRBV07
CASRLVDRAEKLFF,3.1519835055332724e-05,TCRBV28
CASSQEGGQGFGGELFF,3.1519835055332724e-05,TCRBV04
CASSNNRAMGDF,3.1519835055332724e-05,TCRBV06
IPRTSKGETQYF,3.1519835055332724e-05,TCRBV06
CSARGPVDGGALWNEQFF,3.1519835055332724e-05,TCRBV20
CASSLANGQGDGYTF,3.1519835055332724e-05,TCRBV07
CAGTLAGDTDTQYF,3.1519835055332724e-05,TCRBV07
CASSRGDPGNTIYF,3.1519835055332724e-05,TCRBV12
CASSPQVAGNTIYF,3.1519835055332724e-05,TCRBV03
CASSLDAGVPGELFF,3.1519835055332724e-05,TCRBV05
